,train_loss,train_acc,train_recall,valid_loss,valid_acc,valid_recall
11,1.7399227375250321,0.8978893160820007,0.8160322492809441,0.7239196262051982,0.9557945132255554,0.9116909548477696
12,1.7089648473955168,0.8999161720275879,0.8190872502286812,0.718328418050663,0.9562425017356873,0.9118115044349195
