,train_loss,train_acc,train_recall,valid_loss,valid_acc,valid_recall
6,2.3439957127531517,0.8618655800819397,0.7597588488314911,0.9241366889676408,0.9428431391716003,0.8884289944120372
7,2.103363519644647,0.8759273886680603,0.7814483851994591,0.8683302659335149,0.9468339085578918,0.8944523747976352
8,2.0010013923715237,0.8818005919456482,0.7904295826775732,0.8506268955995627,0.9475225806236267,0.8950011095397599
9,1.9564296296906944,0.8848274946212769,0.7950496515514772,0.817479700229881,0.9502605199813843,0.8994590140856213
10,1.9031836102043127,0.8881157636642456,0.8004673006520658,0.7878750431399951,0.9520028233528137,0.9046174101765656
