,train_loss,train_acc,train_recall,valid_loss,valid_acc,valid_recall
0,4.027466919826829,0.3429052531719208,0.09907605422037676,13.753059764952805,0.35308200120925903,0.1004916458279901
